rua^isotope^posslimmci^explimmci^chemform^protocol^speccond^ufactor^isotope_map
0351^Z1-95^99999^99999^VARIED^^^1^
0375^C14^260^0.20999999344348907^ACETATE;  CARBONATE;  GLUCOSE;  METHYLAMINE  HYDROCHLORIDE ^^^0.1^C-14
0446^I125^3^1^SODIUM  IODIDE;  RIA  KIT;  CORTISOL ^^^1^I-125
0446^H3^6^0.10000000149011612^STEROIDS;  WATER;  THYMIDINE;  DHEA;  ANDROSTENEDIONE;  17-OH  PREGNERNOLONE ^^^0.1^H-3
0446^C14^2^0.10000000149011612^STEROIDS;  ACETIC  ACID ^^^0.1^C-14
0462^C14^20^0.10000000149011612^SUGARS;  AMINO  ACIDS;  LIPIDS ^^^0.1^C-14
0462^H3^1^0.10000000149011612^SUGARS;  AMINO  ACIDS;  LIPIDS;  SODIUM  BOROHYDRIDE ^^^1^H-3
0462^P32^2^0.004999999888241291^NUCLEOTIDES^^^0.1^P-32
0462^S35^2^0.004999999888241291^NUCLEOTIDES^^^0.1^S-35
0477^C14^6^1^METHYL  HISTIDINE  DIHYDROCHLORIDE ^^^1^C-14
0607^C14^20^0.10000000149011612^SUGARS;  AMINO  ACIDS;  PURINES;  PYRIMIDINES;  ACETATE ^^^0.1^C-14
0607^H3^39.678001403808594^0.10000000149011612^NUCLEOTIDES;  AMINO  ACIDS;DERIVATIVES  OF  N-ACETYL  GALACTOSAMINE;  NUCLEOSIDE ^^^0.1^H-3
0607^P32^5^0.20000000298023224^NUCLEOTIDES^^^0.1^P-32
0607^S35^5^0.05000000074505806^NUCLEOTIDES^^^0.1^S-35
0716^H3^7^2^FATTY  ACIDS;  GLYCEROL;  THYMIDINE;  GLUCOSE;2-DEOXYGLUCOSE;  S-METHYL-ADENOSYL-L-METHIONINE;  TRIOLEAN;  ESTRADIOL ^^^0.1^H-3
0716^C14^4^0.75^FATTY  ACIDS;  GLYCEROL;  GLUCOSE;  2  DEOXYGLUCOSE;  ARACHIDONIC  ACID ^^^0.1^C-14
0716^I125^0.4000000059604645^0.009999999776482582^INSULIN;  GLUCAGON;  CORTICOSTERONE;  ESTRADIOL;  LEPTIN;  NPY;  HPP;  ADP;  CORTISOL;  CRP;  PYY;  GHRELIN;  ADIPONECTIN;  PARATHYROID  HORMONE;  T-4;  T-3;  IGF1;  RIA/IRMA  KITS ^^^0.1^I-125
0750^Z3-83^30^30^ACTIVATED  COMPONENTS ^^^0.001^
0750^U238^0.00019999999494757503^0.00019999999494757503^^^^1^U-238
0750^U235^0.00009999999747378752^0.00009999999747378752^OXIDE^^^20^U-235
0750^PU239^0.0010000000474974513^0.0010000000474974513^OXIDE^^^20^Pu-239
0750^SN113^0.0003000000142492354^0.0003000000142492354^SOLID^^^0.1^Sn-113
0750^EU152^0.0020000000949949026^0.0020000000949949026^SOLID^^^0.1^Eu-152
0774^NI63^2^2^SOURCE#B^^^0.001^Ni-63
0774^NI63^15^15^OXIDE^^^0.1^Ni-63
0774^NI63^2^2^SOURCE#D^^^0.01^Ni-63
0774^NI63^2^2^SOURCE#E^^^0.01^Ni-63
0774^NI63^2^2^SOURCE#F^^^0.01^Ni-63
0774^NI63^2^2^SOURCE#G^^^0.01^Ni-63
0790^KR85^200^10^GAS^^^0.001^Kr-85
0795^H3^0.6000000238418579^0.25^THYMIDINE;  PEG;  TOLUENE ^^^1^H-3
0795^C14^0.4000000059604645^0.25^SODIUM  CARBONATE;  GLUCOSE;  GAUANINE  HYDROCHLORIDE ^^^1^C-14
0903^TC99M^1000^200^PHARMACEUTICAL  LABELLED ^^^1^Tc-99m
0903^I123^50^50^PROTEINS^^^1^I-123
0903^IN111^50^50^PROTEINS^^^1^In-111
0903^GA67^0.30000001192092896^0.30000001192092896^LIQUID/UNIFORM  TEST ^^^0.001^Ga-67
0903^F18^200^10^LIQUID^^^1^F-18
0949^H3^75^50^WATER;  SODIUM  BOROHYDRIDE;PESTICIDES;  PLANT  PRODUCTS;  HORMONES;  POLYAROMATIC  HYDROCARBONS;  AMINO  ACIDS;  THYMIDINE;  NUCLEIC  ACIDS;  VITAMINS;  EPOXIDES;  TRICLOSAN ^^^1^H-3
0949^C14^7^0.25^HORMONES;  ENZYMES;HERBICIDE;PHOSPHENYLMETHYL  GLYCINE;STERIODS;  BENTAZON;  TRIAZOLE;  DIETHYLPYROCARBONATE;  TERPENES;  LIPIDS;  AMINO  ACIDS;  THYMIDINE;  UDP-GLUCURONIC;  GLUCOSE;  PERMETHRIN;  TRICLOCARABAN;  EPOXIDES;  TRICLOSAN;  AQ  FORMALDEHYDE;  TETRAMETHYLENEDIS ^^^0.1^C-14
0976^C14^25^0.25^SODIUM  HYDROXY  CARBONATE;  ATRAZINE;  ZIDOATRAZINE;  DIURON ^^^1^C-14
0977^C14^2^0.009999999776482582^BARIUM  CARBONATE ^^^0.01^C-14
0977^H3^1^0.10000000149011612^AMINO  ACIDS ^^^0.01^H-3
0977^S35^2^0.05000000074505806^METHIONINE;  AMINO  ACIDS;  NUCLEOTIDES ^^^1^S-35
0977^P33^2^1^NUCLEOTIDES^^^0.1^P-33
0977^P32^2^1^NUCLEOTIDES^^^0.1^P-32
0998^I125^0.25^0.10000000149011612^HUMAN  CHORIONIC  GONADOTROPIN ^^^0.1^I-125
0998^S35^3^0.5^METHIONINE;  DATP ^^^1^S-35
0998^H3^0.25^0.25^THYMIDINE^^^0.1^H-3
1006^S35^2^0.15000000596046448^METHIONINE^^^1^S-35
1006^P32^1.25^1^ATP^^^0.1^P-32
1006^C14^0.10000000149011612^0.009999999776482582^FATTY  ACIDS;  MOLECULAR  WEIGHT  MARKERS ^^^0.1^C-14
1006^H3^10^5^THYMIDINE  PROLINE;  PHORBOL-12;13  DIBUTYRATE;  FATTY  ACIDS;  PUTRESCINE  DIHYDROCHLORIDE;  LEUCINE;  MYO-INOSITOL;  DIHYDROPROPENOLOL ^^^0.1^H-3
1016^SC46^0.03999999910593033^0.0010000000474974513^METALLIC  PELLETS ^^^0.1^Sc-46
1016^K42^0.0010000000474974513^0.0010000000474974513^POWDER^^^0.1^K-42
1016^NP239^0.009999999776482582^0.009999999776482582^POWDER^^^0.1^Np-239
1016^PA233^0.009999999776482582^0.009999999776482582^POWDER^^^0.1^Pa-233
1016^NA24^0^0.000029999999242136255^SODIUM  BICARBONATE ^^^0.001^Na-24
1016^Z1-83^1^1^ACTIVATED  CIRCUIT  BOARDS ^^^0.001^
1019^ZN65^1^0.02500000037252903^ZINC  CHLORIDE ^^^1^Zn-65
1019^FE59^1^0.05000000074505806^IRON  CHLORIDE;  IRON  SULFATE ^^^1^Fe-59
1019^I125^1^1^SODIUM  IODIDE;  RIA  KIT;  PROTEIN  A ^^^1^I-125
1019^H3^1^0.05000000074505806^FOLATE  Na;  INOSITOL;  RETINOL;  THYMIDINE ^^^0.1^H-3
1071^F18^40^40^FDG^^^0.1^F-18
1071^C14^5^1^ASCORBATE^^^0.1^C-14
1071^CU64^10^5^PEPTIDES;  ANTIBODIES;  PTSM;  ATSM ^^^0.1^Cu-64
1071^H3^10^0.5^AMINO  ACIDS ^^^0.1^H-3
1071^C11^20^20^RACLOPRIDE^^^0.1^C-11
1071^ZR89^20^20^AQUEOUS  &  CHELATE  CONJUGATE ^^^0.1^Zr-89
1083^S35^20^5^AMINO  ACID;  NUCLEOTIDES ^^^0.1^S-35
1083^P32^4^1^PHOSPHATE;  NUCLEOTIDES ^^^1^P-32
1083^H3^10^1^AMINO  ACID;  DOXYGLUCOSE;  ACETIC  ACID;  SODIUM  SALT;  NUCLEOTIDES;  RETINOIC  ACID ^^^0.1^H-3
1083^C14^10^1^ACETYL-CoA^^^0.1^C-14
1113^ZN65^1^0.5^ZINC  CHLORIDE ^^^1^Zn-65
1113^C14^20^1^BICARBONATE;  GLYCEROL;  D-GALACTOSE;  THYMIDINE;  METHYLTETRAHYDROFOLIC  ACID;  AMINO  ACIDS;  METHYL-EPICATECHIN;  UREA;  METHYLAMINOISOBUTYRIC  ACID;  EPICATECHNIN ^^^0.1^C-14
1113^H3^5^5^THYMIDINE;  INULIN;  GLYCEROL;  BENZO(A)PYRENE;  ESTRADIOL;  ANTIBODIES;  MUSCIMOL;  AMINO  ACIDS;  HIPPURYL-GLYCYL-GLYCINE;  DCTP;  SUGARS;  UTP;  RETINOL;  GABA  RECEPTOR  LIGANDS ^^^1^H-3
1113^FE59^1^0.5^IRON  CHLORIDE;  FERRIC  CITRATE;  IRON  SULFATE ^^^1^Fe-59
1113^I125^0.5^0.5^RIA  KITS;  EPIDERMAL  GROWTH  FACTORS;  TRIIODOTHYRONINE;  THYROXINE;  INSULIN;  TRANSFERRIN;  FERRITIN ^^^0.1^I-125
1113^P32^1^1^NTP;  NAD;  NUCLEOTIDES;  ORTHOPHOSPHATE ^^^1^P-32
1138^H3^10^0.009999999776482582^STEROIDS;  HORMONES ^^^0.1^H-3
1138^C14^1^0.05000000074505806^ESTRADIOL;PROGESTERONE;ALDOSTERONE;DEHYDROEPIANDROSTERONE;STERIODAL  ESTROGEN;  TESTOSTERONE;  ETHANOL;  HORMONES ^^^1^C-14
1138^I125^3^2^SODIUM  IODIDE;  STEROIDS  (KITS);  HORMONES  (KITS) ^^^1^I-125
1138^P32^1^1^ATP;  CYSTEINE ^^^0.1^P-32
1138^S35^1^1^CYSTEINE^^^1^S-35
1141^P32^2^0.4000000059604645^NUCLEOTIDES^^^0.1^P-32
1141^S35^1^0.5^METHIONINE;  CYSTEINE ^^^1^S-35
1153^TH232^0.0006000000284984708^0.0000009999999974752427^METAL  AND  NITRATE  SOLUTIONS ^^^0.01^Th-232
1190^I125^0.6000000238418579^0.10000000149011612^PROTEIN-ACTH;  STEROIDS;  RIA/IRMA  KITS;  STANDARDS ^^^0.1^I-125
1190^C14^0.5^0.20000000298023224^ESTROGEN;  PROGESTERONE;  STEROIDS;  THYMIDINE ^^^0.1^C-14
1190^H3^7^0.15000000596046448^STEROIDS;  CORTISOL;  CBG;  MU  AND  KAPPA  OPIOD  RECEPTOR  AGONISTS;  DAMGO ^^^0.1^H-3
1190^P32^0.5^0.10000000149011612^NUCLEOTIDES^^^0.1^P-32
1190^F18^20^10^F-ION  PEPTIDES  FLT;  FDG;  FHBG;  FMISO ^^^0.1^F-18
1190^C11^20^10^RADIOPHARMACEUTICALS^^^0.1^C-11
1199^C14^5^1^TCDD;  ARACHIDONIC  ACID;  CHLORAPHENICOL;  ADENOSINE;  METHYL  AMINE  HCL;  L-ASCORBIC  ACID ^^^0.1^C-14
1199^H3^5^1^TCDD;  PROSTAGLANDIN;  GTP;  DEXAMETHASONE;  THYMIDINE;  URIDINE;  AMINO  ACIDS;  INOSITOL;  GLYCEROL  TRILEATE;  METHYGLUCOSE;  N-ACETYL  GLUCOSAMINE;  ACETYL  GLUCOSAMINO;  CYTOCHALASINE;  GUANOSINE  CYCLIC  PHOSPHATE ^^^0.1^H-3
1199^H3^0^0^TETRA  PHENYPHOSPHONIUM  BROMIDE;  DIHYROXYPHENYL  ETHYLAMINE  HCL;  DOPAMINE;  METHYL  CHOLINE;  QUABAIN;  ESTRADIOL;  STERIODS;  ACETYL  COENZYME  A;  GLIBENCLAMIDE;  ARACHIDONIC  ACID ^^^0.1^H-3
1199^I125^0.25^0.009999999776482582^GLUCOGON;  INSULIN;  EGF;  PROTEIN  A;  SODIUM  IODIDE;  RIA  KITS;  TRIIODOTHYRONINE;  MURTH  NERVE  GROWTH  FACTOR;  BOLTON  HUNTER  REAGENT;  TNF ^^^1^I-125
1199^P32^5^2^NUCLEOTIDES^^^0.1^P-32
1199^S35^5^1^ATP;  DATP;  BUTYL  BICYCLOPHOROTHIONATE  (TBPS);  AMINO  ACIDS ^^^0.1^S-35
1211^H3^5^0.5^RYANODINE;PN-200;AZIDO  cAMP;  NITRENDIPINE;  VERAPAMIL;  INOSITOL;  MTPI;  INOSITOL  TRISPHOSPHATE;  ANTHRACYLINES;  DIHYDROPYRIDINE;  THYMIDINE ^^^0.1^H-3
1218^I131^40^10^SODIUM  IODIDE ^^^1^I-131
1218^I125^2^0.5^IGE^^^1^I-125
1223^Z1-103^99999^99999^ALL  FORMS ^^^1^
1236^H3^50^4^NUCLEOTIDES;  AMINO  ACIDS;  SUCCINIMIDYL  PROPIONATE;  AZIDOPHINE;  WATER;  GLACIAL  ACETIC  ACID ^^^0.1^H-3
1236^S35^7^0.5^NUCLEOTIDES;  AMINO  ACIDS;  SODIUM  SULFATE ^^^0.1^S-35
1236^C14^1^0.20000000298023224^NUCLEOTIDES;  PROTEINS;  INULIN;  METHYLAMINE ^^^0.1^C-14
1236^P32^2^0.10000000149011612^NUCLEOTIDE^^^0.1^P-32
1259^P32^3^0.10000000149011612^NUCLEOTIDES^^^0.1^P-32
1259^P33^2^0.10000000149011612^NUCLEOTIDES^^^0.1^P-33
1266^H3^2^0.05000000074505806^AMINO  ACIDS;  MYRISTIC  ACID ^^^0.1^H-3
1266^C14^1^0.10000000149011612^AMINO  ACIDS;  CHLORAMPHENICOL ^^^0.1^C-14
1266^P32^1^1^NUCLEOTIDES^^^0.1^P-32
1266^S35^4^4^NUCLEOTIDES;  METHIONINE;  CYSTEINE ^^^1^S-35
1266^P33^0.5^0.25^NUCLEOTIDES^^^0.1^P-33
1279^H3^5^0.019999999552965164^H-BUMETANIDE;  INULIN;  THYMIDINE;  3-O-METHYL-D-GLUCOSE ^^^0.1^H-3
1279^C14^3^0.15000000596046448^SUCROSE;  UREA;  INULIN;  METHYL-D-GLUCOSE ^^^0.1^C-14
1279^RB86^5^0.15000000596046448^RUBIDIUM  CHLORIDE ^^^0.1^Rb-86
1304^P32^4^0.009999999776482582^NUCLEOTIDES^^^0.1^P-32
1304^S35^2^0.009999999776482582^NUCLEOTIDES;  METHIONINE ^^^1^S-35
1309^H3^11^5^NUCLEOTIDES;  THYMIDINE;  METHIONINE;  LEUCINE ^^^0.1^H-3
1309^P32^2^0.10000000149011612^NUCLEOTIDES^^^0.1^P-32
1309^S35^1^0.009999999776482582^NUCLEOTIDES;  METHIONINE ^^^1^S-35
1319^H3^5^0.10000000149011612^AMINO  ACIDS;  NUCLEOTIDES;  ACETIC  ANHYDRIDE;  LIPIDS ^^^0.1^H-3
1319^C14^2^0.009999999776482582^CHLORAMPHENICOL;  LABELLED  LIPIDS;  PALMITOYL-COENZYME  A;  ARACHIDONYL-COENZYME  A;  OLEOYL-COENZYME  A;  AMINO  ACIDS;  ACETIC  ACID;  C-GLYCEROL;  ACETIC  ANHYDRIDE ^^^0.1^C-14
1319^P32^3.5^1^NUCLEOTIDES^^^0.1^P-32
1327^C14^10^0.0010000000474974513^AMINO  ACIDS;  METHYLATED  AMINO  ACIDS ^^^0.1^C-14
1327^H3^2^0.0020000000949949026^WATER;  AMINO  ACIDS;  METHYLATED  AMINO  ACIDS ^^^1^H-3
1327^P32^1^0.05000000074505806^ATP^^^0.1^P-32
1330^P32^1^0.25^NUCLEOTIDES^^^0.1^P-32
1330^S35^1^1^NUCLEOTIDES;  SODIUM  SULFATE;  AMINO  ACIDS ^^^0.1^S-35
1342^H3^7^0.10000000149011612^DIOXIN;  STEROIDS;  2-DEOXY-D-GLUCOSE ^^^0.1^H-3
1342^C14^1^0.10000000149011612^FORMALDEHYDE;  CATALASE;  BOVINE  SERUM  ALBUMIN ^^^0.1^C-14
1342^P32^2.5^1^NUCLEOTIDES^^^0.1^P-32
1342^S35^3.5^0.5^METHIONINE^^^1^S-35
1374^P32^10^2^NUCLEOTIDES;  ORTHOPHOSPHATE  (PHOSPHORIC  ACID) ^^^1^P-32
1374^H3^25^0.10000000149011612^THYMIDINE;  N-HEXANOYL  SPHINGOSINE;  PALMITIC  ACID ^^^1^H-3
1374^C14^0.5^0.05000000074505806^N-METHYL-SPHINGOMYLN;  PALMITOYL/COENZYME  A ^^^1^C-14
1376^S35^7^0.05000000074505806^NUCLEOTIDES^^^0.1^S-35
1376^I125^0.03999999910593033^0.009999999776482582^IODINE^^^0.1^I-125
1376^F18^5^1^FDG;  PEPTIDES/ANTIBODIES;  FHBG ^^^0.1^F-18
1376^CU64^10^1^PTSM^^^0.1^Cu-64
1376^ZR89^20^20^CHELATE  CONJUGATES ^^^0.1^Zr-89
1376^C11^20^20^LABELED  IMAGING  PROBES  IN  SOLUTION ^^^0.1^C-11
1376^I124^5^5^RADIOLABELED  TRACER ^^^0.1^I-124
1393^H3^1^0.02500000037252903^FENTANYL;  DAMGO;  DPDPE;  U69 ^^^0.1^H-3
1393^I125^0.10000000149011612^0.006500000134110451^FENTANYL;  AB-MECA ^^^0.1^I-125
1393^C14^1^0.25^PIRFENIDONE^^^0.1^C-14
1393^S35^1^0.10000000149011612^GTP-GAMMA-S^^^0.1^S-35
1393^P33^0.30000001192092896^0.10000000149011612^NUCLEOTIDES  (dCTP) ^^^0.1^P-33
1397^P32^2^0.800000011920929^NUCLEOTIDES^^^0.1^P-32
1397^S35^5^0.5^NUCLEOTIDES;  SULFATE ^^^0.1^S-35
1409^F18^15^15^FLUORO  DEOXY  GLUCOSE;  FLOUOO-LM-TYROSINE ^^^1^F-18
1409^H3^10^0.5^AMINO  ACIDS ^^^1^H-3
1417^H3^5^1.25^THYMIDINE;S-ADENOSYL-METHIONINE^^^0.1^H-3
1417^P32^5^5^NUCLEOTIDES^^^0.1^P-32
1423^UNAT^0.20000000298023224^0.006000000052154064^MINERIAL  COMPOUNDS ^^^0.1^Unat
1423^UDPL^0.20000000298023224^0.006000000052154064^MINERAL  COMPOUNDS ^^^0.1^
1423^TH232^0.20000000298023224^0.20000000298023224^MINERAL  COMPOUNDS ^^^0.1^Th-232
1430^H3^5^0.5^THYMIDINE;  GLUCOSE ^^^1^H-3
1430^I125^5^0.05000000074505806^ANTIBODIES^^^0.1^I-125
1430^IN111^1^0.10000000149011612^INDIUM  CHLORINE ^^^0.1^In-111
1430^P32^1^0.05000000074505806^NUCLEOTIDES^^^0.1^P-32
1430^S35^2.5^0.05000000074505806^NUCLEOTIDES;  METHIONINE ^^^1^S-35
1435^H3^1^0.10000000149011612^AMINO  ACIDS ^^^0.1^H-3
1435^C14^1^0.10000000149011612^AMINO  ACID;  HEXADECANOIC  ACID  (PALMITIC  ACID) ^^^1^C-14
1435^P32^2^0.10000000149011612^NUCLEOTIDES^^^0.1^P-32
1435^P33^1^0.10000000149011612^NUCLEOTIDES^^^0.1^P-33
1435^S35^5^0.10000000149011612^AMINO  ACIDS;  TRANSLABEL ^^^1^S-35
1443^C14^3.5^0.10000000149011612^ORGANIC  PESTICIDES;  PETROLEUM  HYDROCARBONS;  1-CHLORO-2;4-DINITROBENZENE;  CLOMAZONE;  ETOFENPROX ^^^1^C-14
1450^NI63^14.5^14.5^BRASS  FITTING  ON  AIR  MONITORING  APPARATUS  (ID#2385)  (MANG) ^^^0.1^Ni-63
1456^U238^0.0020000000949949026^0.00004999999873689376^CRYSTALLINE  SOLID;  U2  Pt2  In ^^^0.001^U-238
1456^TH232^0.00019999999494757503^0.0005000000237487257^CRYSTALLINE  SOLID ^^^0.001^Th-232
1458^F18^50^10^OR  FDG;  FHBG;  FLT;  FMISO;  PEPTIDES;  SMALL  MOLECULE  PET  TRACERS ^^^1^F-18
1458^CU64^10^5^PEPTIDES;  ANTIBODIES;  PTSM;  ATSM;  IODINATED  PROTEIN ^^^1^Cu-64
1458^I125^0.4000000059604645^0.4000000059604645^PEPTIDES;  ANTIBODIES;  SODIIUM  IODINE ^^^0.1^I-125
1458^C11^100^20^SMALL  MOLECULE  PHARMACEUTICALS ^^^0.1^C-11
1458^N13^100^20^AMMONIA^^^0.1^N-13
1458^O15^100^20^WATER^^^0.1^O-15
1458^Y86^10^5^CHLORIDE;  PEPTIDES;  ANTIBODIES ^^^0^Y-86
1458^Y90^10^3^CHLORIDE;  PEPTIDES;  ANTIBODIES ^^^1^Y-90
1458^TC99M^10^5^SMALL  MOLECULE  RADIOPHARMACEUTICALS ^^^0.1^Tc-99m
1458^CD109^2^2^LIQUID^^^0.1^Cd-109
1458^ZN65^6^6^LIQUID^^^0.1^Zn-65
1458^NA22^3^0.30000001192092896^SODIUM  CHLORIDE ^^^0.1^Na-22
1460^P32^2^1^NUCLEOTIDES^^^0.1^P-32
1460^S35^2^1^METHIONINE^^^1^S-35
1460^NA22^1^0.10000000149011612^SODIUM  CHLORIDE ^^^0.1^Na-22
1460^CA45^1^0.5^CALCIUM  CHLORIDE ^^^0.1^Ca-45
1460^C14^10^1^SUGAR^^^0.1^C-14
1475^P32^1^0.20000000298023224^NUCLEOTIDES^^^0.1^P-32
1475^CA45^5^0.20000000298023224^CALCIUM  CHLORIDE ^^^0.1^Ca-45
1477^H3^5^0.20000000298023224^AMINO  ACIDS ^^^0.1^H-3
1477^C14^1^0.10000000149011612^ASCORBIC  ACID;  GLUCOSE ^^^0.1^C-14
1477^S35^5^0.5^AMINO  ACIDS;  METHIONINE ^^^1^S-35
1480^P32^1^0.05000000074505806^NUCLEOTIDES^^^0.1^P-32
1480^H3^1^0.10000000149011612^PENCICLOVIR;  DCTP ^^^0.1^H-3
1489^C14^0.25^0.0010000000474974513^GLUCOSE;  SODIUM  BICARBONATE ^^^0.1^C-14
1489^P32^0.5^0.15000000596046448^NUCLEOTIDES^^^0.1^P-32
1490^P32^2^0.20000000298023224^NUCLEOTIDES^^^0.1^P-32
1492^H3^2^0.10000000149011612^THYMIDINE^^^1^H-3
1503^H3^5^0.25^ACETYL-COENZYME  A ^^^0.1^H-3
1503^C14^5^1^GLUCOSE^^^0.1^C-14
1503^P32^1^0.20000000298023224^NUCLEOTIDES^^^0.1^P-32
1503^S35^5^1^AMINO  ACIDS ^^^1^S-35
1504^P32^0.5^0.05000000074505806^NUCLEOTIDES^^^0.1^P-32
1504^S35^0.5^0.05000000074505806^METHIONINE^^^1^S-35
1504^H3^1^0.20000000298023224^PHENYLALANINE^^^0.1^H-3
1506^P32^1^0.10000000149011612^NUCLEOTIDES^^^0.1^P-32
1506^H3^0.5^0.5^S-ADENOSYLMETHIONINE^^^0.1^H-3
1507^C14^0.5^0.10000000149011612^ARGININE^^^0.1^C-14
1507^P32^1^0.10000000149011612^NUCLEOTIDES^^^0.1^P-32
1507^H3^0.25^0.02500000037252903^CORTISOL^^^0.1^H-3
1517^C11^4000^4000^CO2;  CH3I;  SMALL  MOLECULES ^^^10^C-11
1517^N13^300^300^NH3^^^10^N-13
1517^F18^10000^10000^FLUORIDE;  FLUORINE;  PEPTIDES;  SMALL  MOLECULES;  EAAT2;  F-ION;  FDG;  FHBG;  FLT;  FMISO ^^^10^F-18
1517^O15^4000^4000^O2;  H2O ^^^10^O-15
1517^CU64^100^100^CuClz;  PEPTIDES;  ANTIBODIES;  SMALL  MOLECULES;  CU  METAL;  AQUEOUS  SALTS;  PTSM;  AT5M ^^^10^Cu-64
1517^CU67^10^10^CHLORIDE^^^10^Cu-67
1517^TC99M^50^20^PEPTIDES;  LABELED  RADIOPHARMACEUTICALS;  PERTECHITATE ^^^10^Tc-99m
1517^ZR89^20^20^AQUEOUS&CHELATE  CONJUGATES ^^^10^Zr-89
1517^I125^5^5^NAI;  RADIOPHARMACEUTICALS ^^^10^I-125
1517^Y86^20^20^Y  SALT  IN  AQ  SOLUTION;  Y-86-DOTA  CONJUGATED  SMALL  MOLECULES;  PEPTIDES  &  PROTEINS ^^^10^Y-86
1517^Y90^20^20^Y  SALT  IN  AQUEOUS  SOLUTION;  Y-90-DOTA  CONJUGATED  SMALL  MOLECULES;  PEPTIDES  AND  PROTEINS. ^^^10^Y-90
1517^IN111^10^5^INDIUM  CHLORIDE;  RADIOPHARMACEUTICALS ^^^10^In-111
1517^MO99^20^20^ION  EXCHANGE  COLUMN ^^^1^Mo-99
1517^I123^10^10^SODIUM  IODIDE;  RADIOPHARMACEUTICALS ^^^5^I-123
1517^I124^10^10^SODIUM  IODIDE;  RADIOPHARMACEUTICALS ^^^5^I-124
1517^XE133^40^40^GAS^^^0.1^Xe-133
1519^CU64^15^1^COPPER  CHLORIDE;  DOTA-CU ^^^1^Cu-64
1519^IN111^10^1^INDIUM  CHLORIDE ^^^1^In-111
1519^CU67^1^0.10000000149011612^DOTA-CU;  COPPER  CHLORIDE ^^^1^Cu-67
1519^ZR89^10^1^NANOPARTICLES;  OXALIC  ACID  SOLUTION ^^^1^Zr-89
1525^CU64^10^5^PEPTIDES;  PTSM  ANTIBODIES;  ATSM ^^^0.1^Cu-64
1525^F18^40^40^FDG^^^0.1^F-18
1525^C11^20^20^RACLOPRIDE^^^0.1^C-11
1525^H3^5^5^BISPHENOL  A ^^^1^H-3
1526^I125^0.5^0.05000000074505806^BUNGAROTOXIN^^^0.1^I-125
1532^U238^0.003000000026077032^0.0000009999999974752427^NATURAL  U  METAL  AND  NITRATE  SOLUTIONS ^^^0.01^U-238
1532^U235^0.003000000026077032^0.0000009999999974752427^NATURAL  U  METAL  AND  NITRATE  SOLUTIONS ^^^0.01^U-235
1532^U233^0.05000000074505806^0.0000009999999974752427^NITRATE  SOLUTIONS ^^^0.01^U-233
1532^U236^0.0003000000142492354^0.0000009999999974752427^NITRATE  SOLUTIONS ^^^0.01^U-236
1532^TH229^0.00019999999494757503^0.0000009999999974752427^NITRATE  SOLUTION ^^^0.01^Th-229
1532^RA228^0.00009999999747378752^0.0000009999999974752427^NITRATE  SOLUTIONS ^^^0.1^Ra-228
1532^RA226^0.00009999999747378752^0.0000009999999974752427^NITRATE  SOLUTION ^^^0.01^Ra-226
1535^P32^3^1^NUCLEOTIDES^^^0.1^P-32
1539^P32^5^0.5^NUCLEOTIDES^^^0.1^P-32
1540^P32^1^0.25^NUCLEOTIDES^^^0.1^P-32
1541^P32^5^0.20000000298023224^NUCLEOTIDES^^^0.1^P-32
1541^C14^5^0.10000000149011612^S-ADENOSYL  METHIONINE;  COENZYMES;  AMINO  ACIDS ^^^0.1^C-14
1542^P32^5^0.30000001192092896^NUCLEOTIDES^^^0.1^P-32
1542^S35^10^0.5^AMINO  ACIDS ^^^0.1^S-35
1545^I125^0.20000000298023224^0.009999999776482582^SODIUM  IODIDE;  STEROIDS;  PROTEINS;  THYRONINES;  THYROID  HORMONE  PROTEIN ^^^1^I-125
1545^H3^2^0.019999999552965164^STEROIDS^^^1^H-3
1548^P32^1^0.10000000149011612^NUCLEOTIDES^^^0.1^P-32
1548^H3^5^0.10000000149011612^THYMIDINE^^^0.1^H-3
1548^I125^1^0.10000000149011612^SODIUM  IODIDE;  RIA  KITS ^^^1^I-125
1549^P32^2^0.4000000059604645^NUCLEOTIDES^^^0.1^P-32
1549^S35^1^0.5^NUCLEOTIDES;  METHIONINE;  CYSTEINE ^^^1^S-35
1550^P32^2^0.10000000149011612^NUCLEOTIDES^^^0.1^P-32
1550^S35^9^0.5^METHIONINE^^^1^S-35
1550^H3^1^0.5^METHIONINE^^^1^H-3
1551^P32^5^5^ATP;  ORTHO  PHOSPHORIC  ACID  IN  WATER ^^^0.1^P-32
1551^S35^0.25^0.0012499999720603228^GTP^^^0.1^S-35
1555^P32^5^0.5^NUCLEOTIDES^^^0.1^P-32
1555^S35^0.5^0.5^METHIONINE;  CYSTEINE ^^^1^S-35
1556^F18^20^20^LABELED  RADIOPHARMACEUTICALS ^^^1^F-18
1556^CU64^8^8^LABELED  RADIOPHARMACEUTICALS ^^^1^Cu-64
1556^ZR89^10^5^CHLORIDE^^^1^Zr-89
1556^TC99M^20^20^NATC99MO4  (PERTECHNANTE) ^^^1^Tc-99m
1557^U238^0.0010000000474974513^0.0010000000474974513^DEPLETED  URANIUM  SOLID  &  SOLUTION ^^^1^U-238
1557^TH232^0.0010000000474974513^0.0010000000474974513^OXIDE^^^1^Th-232
1562^I125^0.10000000149011612^0.009999999776482582^RIA  KITS ^^^0.1^I-125
1562^C14^0.25^0.25^DEOXY-D-GLUCOSE^^^0.1^C-14
1562^S35^1^0.10000000149011612^NUCLEOTIDES^^^0.1^S-35
1562^P32^0.5^0.05000000074505806^AMINO  ACIDS ^^^0.1^P-32
1563^C14^0.5^0.05000000074505806^NUCLEOTIDES^^^0.1^C-14
1568^C14^1.5^0.7250000238418579^GLYPHOSATE;  GLUFOSINATE;  PARAQUAT  DICHLORIDE ^^^0.1^C-14
1570^H3^10^0.10000000149011612^DHA;  cAMP;  PRAZOSIN ^^^0.1^H-3
1570^I125^0.15000000596046448^0.019999999552965164^IODO-(-)-CYANOPINDOLOL^^^0.1^I-125
1572^P33^0.009999999776482582^0.0010000000474974513^SIP  (C18H37NPO5) ^^^0.1^P-33
1573^P32^2.5^1^ORTHOPHOSPHATE;  NUCLEOTIDES ^^^1^P-32
1573^S35^5^1^AMINO  ACIDS ^^^1^S-35
1574^C14^2.549999952316284^0.009999999776482582^NAPHTHALENE;  BENZO(A)PYRENE ^^^0.1^C-14
1576^P32^0.5^0.10000000149011612^DATP^^^0.1^P-32
9001^P32^15^0^^^^0.1^P-32
9001^S35^5^0^^^^0.1^S-35
9001^H3^10^0^^^^0.1^H-3
9001^I125^1^0^^^^0.1^I-125
9006^CO57^0.012000000104308128^0^^^^0.1^Co-57
9006^I125^2^0^^^^0.1^I-125
9006^H3^1^0^^^^0.1^H-3
9010^TC99^300^0^^^^0.1^Tc-99
9010^XE133^1500^0^^^^0.1^Xe-133
9010^GA67^30^0^^^^0.1^Ga-67
9010^IN111^30^0^^^^0.1^In-111
9010^I131^255^0^^^^0.1^I-131
9010^TL201^15^0^^^^0.1^Tl-201
9010^I123^20^0^^^^0.1^I-123
9010^CR51^1^0^^^^0.1^Cr-51
9010^I125^2^0^^^^0.1^I-125
9010^FE59^1^0^^^^0.1^Fe-59
9010^CO57^0.004999999888241291^0^^^^0.1^Co-57
9010^CO58^0.009999999776482582^0^^^^0.1^Co-58
9010^P32^40^0^^^^0.1^P-32
9018^I125^5^0^^^^0.1^I-125
9018^H3^0.02500000037252903^0^^^^0.1^H-3
9024^C14^2^0^^^^0.1^C-14
9024^H3^1^0^^^^0.1^H-3
