[
    {
        "code": "AC",
        "name": "Ascension island",
        "regex": "^[Aa][Ss][Cc][Nn]\\s{0,1}[1][Zz][Zz]$",
        "postalcode": "ZIP / Postal Code",
        "postalformat": "AAAANAA one code: ASCN 1ZZ",
        "postalsample": "null"
    },
    {
        "code": "AD",
        "name": "Andorra",
        "regex": "^[Aa][Dd]\\d{3}$",
        "postalcode": "Postal code",
        "postalformat": "CCNNN",
        "postalsample": "AD999"
    },
    {
        "code": "AE",
        "name": "United Arab Emirates",
        "regex": "",
        "postalcode": "ZIP Codes",
        "postalformat": "- no codes -",
        "postalsample": "-"
    },
    {
        "code": "AF",
        "name": "Afghanistan",
        "regex": "^\\d{4}$",
        "postalcode": "Postal code",
        "postalformat": "NNNN",
        "postalsample": "9999"
    },
    {
        "code": "AG",
        "name": "Antigua and Barbuda",
        "regex": "",
        "postalcode": "ZIP Codes",
        "postalformat": "- no codes -",
        "postalsample": "-"
    },
    {
        "code": "AI",
        "name": "Anguilla",
        "regex": "^[Aa][I][-][2][6][4][0]$",
        "postalcode": "Postcode",
        "postalformat": "AI-2640",
        "postalsample": "AI-2640"
    },
    {
        "code": "AL",
        "name": "Albania",
        "regex": "^\\d{4}$",
        "postalcode": "Postal code",
        "postalformat": "NNNN",
        "postalsample": "9999"
    },
    {
        "code": "AM",
        "name": "Armenia",
        "regex": "^\\d{4}$",
        "postalcode": "Postal code",
        "postalformat": "NNNN",
        "postalsample": "9999"
    },
    {
        "code": "AN",
        "name": "Netherlands Antilles",
        "regex": "",
        "postalcode": "ZIP / Postal Code",
        "postalformat": "",
        "postalsample": "null"
    },
    {
        "code": "AO",
        "name": "Angola",
        "regex": "",
        "postalcode": "ZIP Codes",
        "postalformat": "- no codes -",
        "postalsample": "-"
    },
    {
        "code": "AQ",
        "name": "Antarctica",
        "regex": "",
        "postalcode": "ZIP Codes",
        "postalformat": "",
        "postalsample": "-"
    },
    {
        "code": "AR",
        "name": "Argentina",
        "regex": "^\\d{4}|[A-Za-z]\\d{4}[a-zA-Z]{3}$",
        "postalcode": "CPA",
        "postalformat": "1974-1998 NNNN; From 1999 ANNNNAAA",
        "postalsample": "A9999AAA"
    },
    {
        "code": "AS",
        "name": "American Samoa",
        "regex": "^\\d{5}(-{1}\\d{4,6})$",
        "postalcode": "ZIP codes",
        "postalformat": "NNNNN (optionally NNNNN-NNNN or NNNNN-NNNNNN)",
        "postalsample": "99999"
    },
    {
        "code": "AT",
        "name": "Austria",
        "regex": "^\\d{4}$",
        "postalcode": "PLZ",
        "postalformat": "NNNN",
        "postalsample": "9999"
    },
    {
        "code": "AU",
        "name": "Australia",
        "regex": "^\\d{4}$",
        "postalcode": "Postal code",
        "postalformat": "NNNN",
        "postalsample": "9999"
    },
    {
        "code": "AW",
        "name": "Aruba",
        "regex": "",
        "postalcode": "ZIP Codes",
        "postalformat": "- no codes -",
        "postalsample": "-"
    },
    {
        "code": "AX",
        "name": "Ã…land Islands",
        "regex": "^\\d{5}$",
        "postalcode": "Postnummer",
        "postalformat": "NNNNN",
        "postalsample": "AX-99999"
    },
    {
        "code": "AZ",
        "name": "Azerbaijan",
        "regex": "^[Aa][Zz]\\d{4}$",
        "postalcode": "Ä°ndeks",
        "postalformat": "CCNNNN",
        "postalsample": "AZ 9999"
    },
    {
        "code": "BA",
        "name": "Bosnia and Herzegovina",
        "regex": "^\\d{5}$",
        "postalcode": "Postal code",
        "postalformat": "NNNNN",
        "postalsample": "99999"
    },
    {
        "code": "BB",
        "name": "Barbados",
        "regex": "^[Aa][Zz]\\d{5}$",
        "postalcode": "Postal code",
        "postalformat": "CCNNNNN",
        "postalsample": "BB99999"
    },
    {
        "code": "BD",
        "name": "Bangladesh",
        "regex": "^\\d{4}$",
        "postalcode": "Postal code",
        "postalformat": "NNNN",
        "postalsample": "9999"
    },
    {
        "code": "BE",
        "name": "Belgium",
        "regex": "^\\d{4}$",
        "postalcode": "Code postal / Postcode",
        "postalformat": "NNNN",
        "postalsample": "9999"
    },
    {
        "code": "BF",
        "name": "Burkina Faso",
        "regex": "",
        "postalcode": "ZIP Codes",
        "postalformat": "- no codes -",
        "postalsample": "-"
    },
    {
        "code": "BG",
        "name": "Bulgaria",
        "regex": "^\\d{4}$",
        "postalcode": "Postal code",
        "postalformat": "NNNN",
        "postalsample": "9999"
    },
    {
        "code": "BH",
        "name": "Bahrain",
        "regex": "^\\d{3,4}$",
        "postalcode": "Postal code",
        "postalformat": "NNN or NNNN",
        "postalsample": "[9]999"
    },
    {
        "code": "BI",
        "name": "Burundi",
        "regex": "",
        "postalcode": "ZIP Codes",
        "postalformat": "- no codes -",
        "postalsample": "-"
    },
    {
        "code": "BJ",
        "name": "Benin",
        "regex": "",
        "postalcode": "ZIP Codes",
        "postalformat": "- no codes -",
        "postalsample": "-"
    },
    {
        "code": "BL",
        "name": "Saint BarthÃ©lemy",
        "regex": "^97133$",
        "postalcode": "Code postal",
        "postalformat": "97133",
        "postalsample": "99999"
    },
    {
        "code": "BM",
        "name": "Bermuda",
        "regex": "^[A-Za-z]{2}\\s([A-Za-z]{2}|\\d{2})$",
        "postalcode": "Postcode",
        "postalformat": "AA NN or AA AA",
        "postalsample": "AA 99"
    },
    {
        "code": "BN",
        "name": "Brunei Darussalam",
        "regex": "^[A-Za-z]{2}\\d{4}$",
        "postalcode": "Postal code",
        "postalformat": "AANNNN",
        "postalsample": "AA9999"
    },
    {
        "code": "BO",
        "name": "Bolivia",
        "regex": "^\\d{4}$",
        "postalcode": "CÃ³digo postal",
        "postalformat": "NNNN",
        "postalsample": "9999"
    },
    {
        "code": "BQ",
        "name": "Bonaire, Sint Eustatius and Saba",
        "regex": "",
        "postalcode": "Postal code",
        "postalformat": "- no codes -",
        "postalsample": "9999 AA"
    },
    {
        "code": "BR",
        "name": "Brazil",
        "regex": "^\\d{5}-\\d{3}$",
        "postalcode": "CEP",
        "postalformat": "NNNNN-NNN (NNNNN from 1971 to 1992)",
        "postalsample": "99999-999"
    },
    {
        "code": "BS",
        "name": "Bahamas",
        "regex": "",
        "postalcode": "ZIP Codes",
        "postalformat": "- no codes -",
        "postalsample": "-"
    },
    {
        "code": "BT",
        "name": "Bhutan",
        "regex": "^\\d{5}$",
        "postalcode": "Postal code",
        "postalformat": "NNNNN",
        "postalsample": "999"
    },
    {
        "code": "BV",
        "name": "Bouvet Island",
        "regex": "",
        "postalcode": "ZIP Codes",
        "postalformat": "",
        "postalsample": "-"
    },
    {
        "code": "BW",
        "name": "Botswana",
        "regex": "",
        "postalcode": "ZIP Codes",
        "postalformat": "- no codes -",
        "postalsample": "-"
    },
    {
        "code": "BY",
        "name": "Belarus",
        "regex": "^\\d{6}$",
        "postalcode": "Postal code",
        "postalformat": "NNNNNN",
        "postalsample": "299999"
    },
    {
        "code": "BZ",
        "name": "Belize",
        "regex": "",
        "postalcode": "ZIP Codes",
        "postalformat": "- no codes -",
        "postalsample": "-"
    },
    {
        "code": "C-",
        "name": "Clipperton Island",
        "regex": "",
        "postalcode": "null",
        "postalformat": "",
        "postalsample": "null"
    },
    {
        "code": "CA",
        "name": "Canada",
        "regex": "^(?=[^DdFfIiOoQqUu\\d\\s])[A-Za-z]\\d(?=[^DdFfIiOoQqUu\\d\\s])[A-Za-z]\\s{0,1}\\d(?=[^DdFfIiOoQqUu\\d\\s])[A-Za-z]\\d$",
        "postalcode": "Postal code / Code postal",
        "postalformat": "ANA NAN",
        "postalsample": "A9A 9A9"
    },
    {
        "code": "CC",
        "name": "Cocos (Keeling) Islands",
        "regex": "^\\d{4}$",
        "postalcode": "Postal code",
        "postalformat": "NNNN",
        "postalsample": "9999"
    },
    {
        "code": "CD",
        "name": "Congo, The Democratic Republic of the",
        "regex": "^[Cc][Dd]$",
        "postalcode": "ZIP Codes",
        "postalformat": "- no codes -",
        "postalsample": "-"
    },
    {
        "code": "CF",
        "name": "Central African Republic",
        "regex": "",
        "postalcode": "ZIP Codes",
        "postalformat": "- no codes -",
        "postalsample": "-"
    },
    {
        "code": "CG",
        "name": "Congo",
        "regex": "",
        "postalcode": "ZIP Codes",
        "postalformat": "- no codes -",
        "postalsample": "-"
    },
    {
        "code": "CH",
        "name": "Switzerland",
        "regex": "^\\d{4}$",
        "postalcode": "NPA",
        "postalformat": "NNNN",
        "postalsample": "9999"
    },
    {
        "code": "CI",
        "name": "Cote D'Ivoire",
        "regex": "",
        "postalcode": "ZIP Codes",
        "postalformat": "- no codes -",
        "postalsample": "-"
    },
    {
        "code": "CK",
        "name": "Cook Islands",
        "regex": "",
        "postalcode": "ZIP Codes",
        "postalformat": "- no codes -",
        "postalsample": "-"
    },
    {
        "code": "CL",
        "name": "Chile",
        "regex": "^\\d{7}\\s\\(\\d{3}-\\d{4}\\)$",
        "postalcode": "CÃ³digo postal",
        "postalformat": "NNNNNNN (NNN-NNNN)",
        "postalsample": "999-9999"
    },
    {
        "code": "CM",
        "name": "Cameroon",
        "regex": "",
        "postalcode": "ZIP Codes",
        "postalformat": "- no codes -",
        "postalsample": "-"
    },
    {
        "code": "CN",
        "name": "China",
        "regex": "^\\d{6}$",
        "postalcode": "Postal code",
        "postalformat": "NNNNNN",
        "postalsample": "999999"
    },
    {
        "code": "CO",
        "name": "Colombia",
        "regex": "^\\d{6}$",
        "postalcode": "CÃ³digo postal",
        "postalformat": "NNNNNN",
        "postalsample": "999999"
    },
    {
        "code": "CR",
        "name": "Costa Rica",
        "regex": "^\\d{4,5}$",
        "postalcode": "CÃ³digo postal",
        "postalformat": "NNNNN (NNNN until 2007)",
        "postalsample": "99999"
    },
    {
        "code": "CU",
        "name": "Cuba",
        "regex": "^\\d{5}$",
        "postalcode": "CÃ³digo postal",
        "postalformat": "NNNNN",
        "postalsample": "99999"
    },
    {
        "code": "CV",
        "name": "Cape Verde",
        "regex": "^\\d{4}$",
        "postalcode": "Postal code",
        "postalformat": "NNNN",
        "postalsample": "9999"
    },
    {
        "code": "CW",
        "name": "CuraÃ§ao",
        "regex": "",
        "postalcode": "ZIP Codes",
        "postalformat": "- no codes -",
        "postalsample": "-"
    },
    {
        "code": "CX",
        "name": "Christmas Island",
        "regex": "^\\d{4}$",
        "postalcode": "Post Code",
        "postalformat": "NNNN",
        "postalsample": "9999"
    },
    {
        "code": "CY",
        "name": "Cyprus",
        "regex": "^\\d{4}$",
        "postalcode": "Postal code",
        "postalformat": "NNNN",
        "postalsample": "9999"
    },
    {
        "code": "CZ",
        "name": "Czech Republic",
        "regex": "^\\d{5}\\s\\(\\d{3}\\s\\d{2}\\)$",
        "postalcode": "PSÄŒ",
        "postalformat": "NNNNN (NNN NN)",
        "postalsample": "999 99"
    },
    {
        "code": "DE",
        "name": "Germany",
        "regex": "^\\d{5}$",
        "postalcode": "PLZ",
        "postalformat": "NNNNN",
        "postalsample": "99999"
    },
    {
        "code": "DJ",
        "name": "Djibouti",
        "regex": "",
        "postalcode": "ZIP Codes",
        "postalformat": "- no codes -",
        "postalsample": "-"
    },
    {
        "code": "DK",
        "name": "Denmark",
        "regex": "^\\d{4}$",
        "postalcode": "Postal code",
        "postalformat": "NNNN",
        "postalsample": "9999"
    },
    {
        "code": "DM",
        "name": "Dominica",
        "regex": "",
        "postalcode": "ZIP Codes",
        "postalformat": "- no codes -",
        "postalsample": "-"
    },
    {
        "code": "DO",
        "name": "Dominican Republic",
        "regex": "^\\d{5}$",
        "postalcode": "CÃ³digo postal",
        "postalformat": "NNNNN",
        "postalsample": "99999"
    },
    {
        "code": "DZ",
        "name": "Algeria",
        "regex": "^\\d{5}$",
        "postalcode": "Code postal",
        "postalformat": "NNNNN",
        "postalsample": "99999"
    },
    {
        "code": "EC",
        "name": "Ecuador",
        "regex": "^\\d{6}$",
        "postalcode": "CÃ³digo postal",
        "postalformat": "NNNNNN",
        "postalsample": "999999"
    },
    {
        "code": "EE",
        "name": "Estonia",
        "regex": "^\\d{5}$",
        "postalcode": "Postal code",
        "postalformat": "NNNNN",
        "postalsample": "99999"
    },
    {
        "code": "EG",
        "name": "Egypt",
        "regex": "^\\d{5}$",
        "postalcode": "Postal code",
        "postalformat": "NNNNN",
        "postalsample": "99999"
    },
    {
        "code": "EH",
        "name": "Western Sahara",
        "regex": "",
        "postalcode": "Postal code",
        "postalformat": "",
        "postalsample": "99999"
    },
    {
        "code": "ER",
        "name": "Eritrea",
        "regex": "",
        "postalcode": "ZIP Codes",
        "postalformat": "- no codes -",
        "postalsample": "-"
    },
    {
        "code": "ES",
        "name": "Spain",
        "regex": "^\\d{5}$",
        "postalcode": "CÃ³digo postal",
        "postalformat": "NNNNN",
        "postalsample": "99999"
    },
    {
        "code": "ET",
        "name": "Ethiopia",
        "regex": "^\\d{4}$",
        "postalcode": "Postal code",
        "postalformat": "NNNN",
        "postalsample": "9999"
    },
    {
        "code": "FI",
        "name": "Finland",
        "regex": "^\\d{5}$",
        "postalcode": "Postnummer",
        "postalformat": "NNNNN",
        "postalsample": "99999"
    },
    {
        "code": "FJ",
        "name": "Fiji",
        "regex": "",
        "postalcode": "ZIP Codes",
        "postalformat": "- no codes -",
        "postalsample": "-"
    },
    {
        "code": "FK",
        "name": "Falkland Islands (Malvinas)",
        "regex": "^[Ff][Ii][Qq]{2}\\s{0,1}[1][Zz]{2}$",
        "postalcode": "Postcode",
        "postalformat": "AAAANAA one code: FIQQ 1ZZ",
        "postalsample": "FIQQ 1ZZ"
    },
    {
        "code": "FM",
        "name": "Micronesia, Federated States of",
        "regex": "^\\d{5}$",
        "postalcode": "ZIP codes",
        "postalformat": "NNNNN",
        "postalsample": "99999"
    },
    {
        "code": "FO",
        "name": "Faroe Islands",
        "regex": "^\\d{3}$",
        "postalcode": "Postal code",
        "postalformat": "NNN",
        "postalsample": "999"
    },
    {
        "code": "FR",
        "name": "France",
        "regex": "^\\d{5}$",
        "postalcode": "Code postal",
        "postalformat": "NNNNN",
        "postalsample": "99999"
    },
    {
        "code": "GA",
        "name": "Gabon",
        "regex": "^\\d{2}\\s[a-zA-Z-_ ]\\s\\d{2}$",
        "postalcode": "Postal code",
        "postalformat": "NN [city name] NN",
        "postalsample": "99 city 99"
    },
    {
        "code": "GB",
        "name": "United Kingdom",
        "regex": "^[A-Za-z]{1,2}\\d([A-Za-z]|\\d)\\d[A-Za-z]{2}$",
        "postalcode": "Postcode",
        "postalformat": "A(A)N(A/N)NAA (A[A]N[A/N] NAA)",
        "postalsample": "AA9 9AA"
    },
    {
        "code": "GD",
        "name": "Grenada",
        "regex": "",
        "postalcode": "ZIP Codes",
        "postalformat": "- no codes -",
        "postalsample": "-"
    },
    {
        "code": "GE",
        "name": "Georgia",
        "regex": "^\\d{4}$",
        "postalcode": "Postal code",
        "postalformat": "NNNN",
        "postalsample": "9999"
    },
    {
        "code": "GF",
        "name": "French Guiana",
        "regex": "^973\\d{2}$",
        "postalcode": "Code postal",
        "postalformat": "973NN",
        "postalsample": "99999"
    },
    {
        "code": "GG",
        "name": "Guernsey",
        "regex": "^[A-Za-z]{2}\\d\\s{0,1}\\d[A-Za-z]{2}$",
        "postalcode": "Postcode",
        "postalformat": "AAN NAA, AANN NAA",
        "postalsample": "GY9 9AA"
    },
    {
        "code": "GH",
        "name": "Ghana",
        "regex": "",
        "postalcode": "ZIP Codes",
        "postalformat": "- no codes -",
        "postalsample": "-"
    },
    {
        "code": "GI",
        "name": "Gibraltar",
        "regex": "^[Gg][Xx][1]{2}\\s{0,1}[1][Aa]{2}$",
        "postalcode": "Postcode",
        "postalformat": "GX11 1AA",
        "postalsample": "GX11 1AA"
    },
    {
        "code": "GL",
        "name": "Greenland",
        "regex": "^\\d{4}$",
        "postalcode": "Postal code",
        "postalformat": "NNNN",
        "postalsample": "9999"
    },
    {
        "code": "GM",
        "name": "Gambia",
        "regex": "",
        "postalcode": "ZIP Codes",
        "postalformat": "- no codes -",
        "postalsample": "-"
    },
    {
        "code": "GN",
        "name": "Guinea",
        "regex": "",
        "postalcode": "ZIP Codes",
        "postalformat": "- no codes -",
        "postalsample": "-"
    },
    {
        "code": "GP",
        "name": "Guadeloupe",
        "regex": "^971\\d{2}$",
        "postalcode": "Code postal",
        "postalformat": "971NN",
        "postalsample": "99999"
    },
    {
        "code": "GQ",
        "name": "Equatorial Guinea",
        "regex": "",
        "postalcode": "ZIP Codes",
        "postalformat": "- no codes -",
        "postalsample": "-"
    },
    {
        "code": "GR",
        "name": "Greece",
        "regex": "^\\d{3}\\s{0,1}\\d{2}$",
        "postalcode": "Postal code",
        "postalformat": "NNN NN",
        "postalsample": "999 99"
    },
    {
        "code": "GS",
        "name": "South Georgia and the South Sandwich Islands",
        "regex": "^[Ss][Ii][Qq]{2}\\s{0,1}[1][Zz]{2}$",
        "postalcode": "Postcode",
        "postalformat": "SIQQ 1ZZ",
        "postalsample": "SIQQ 1ZZ"
    },
    {
        "code": "GT",
        "name": "Guatemala",
        "regex": "^\\d{5}$",
        "postalcode": "Code postal",
        "postalformat": "NNNNN",
        "postalsample": "99999"
    },
    {
        "code": "GU",
        "name": "Guam",
        "regex": "^\\d{5}$",
        "postalcode": "ZIP codes",
        "postalformat": "NNNNN",
        "postalsample": "99999"
    },
    {
        "code": "GW",
        "name": "Guinea-Bissau",
        "regex": "^\\d{4}$",
        "postalcode": "Postal code",
        "postalformat": "NNNN",
        "postalsample": "9999"
    },
    {
        "code": "GY",
        "name": "Guyana",
        "regex": "",
        "postalcode": "ZIP Codes",
        "postalformat": "- no codes -",
        "postalsample": "-"
    },
    {
        "code": "HK",
        "name": "Hong Kong",
        "regex": "",
        "postalcode": "ZIP Codes",
        "postalformat": "- no codes -",
        "postalsample": "-"
    },
    {
        "code": "HM",
        "name": "Heard Island and Mcdonald Islands",
        "regex": "^\\d{4}$",
        "postalcode": "Postal code",
        "postalformat": "NNNN",
        "postalsample": "9999"
    },
    {
        "code": "HN",
        "name": "Honduras",
        "regex": "^\\d{5}$",
        "postalcode": "CÃ³digo postal",
        "postalformat": "NNNNN",
        "postalsample": "99999"
    },
    {
        "code": "HR",
        "name": "Croatia",
        "regex": "^\\d{5}$",
        "postalcode": "Postal code",
        "postalformat": "NNNNN",
        "postalsample": "99999"
    },
    {
        "code": "HT",
        "name": "Haiti",
        "regex": "^\\d{4}$",
        "postalcode": "Code postal",
        "postalformat": "NNNN",
        "postalsample": "9999"
    },
    {
        "code": "HU",
        "name": "Hungary",
        "regex": "^\\d{4}$",
        "postalcode": "Postal code",
        "postalformat": "NNNN",
        "postalsample": "9999"
    },
    {
        "code": "ID",
        "name": "Indonesia",
        "regex": "^\\d{5}$",
        "postalcode": "Postal code",
        "postalformat": "NNNNN",
        "postalsample": "99999"
    },
    {
        "code": "IE",
        "name": "Ireland",
        "regex": "",
        "postalcode": "Postcode",
        "postalformat": "- no codes -",
        "postalsample": "D99"
    },
    {
        "code": "IL",
        "name": "Israel",
        "regex": "^\\d{7}$",
        "postalcode": "Postal code",
        "postalformat": "NNNNNNN",
        "postalsample": "9999999"
    },
    {
        "code": "IM",
        "name": "Isle of Man",
        "regex": "^[Ii[Mm]\\d{1,2}\\s\\d\\[A-Z]{2}$",
        "postalcode": "Postcode",
        "postalformat": "CCN NAA, CCNN NAA",
        "postalsample": "IM9 9AA"
    },
    {
        "code": "IN",
        "name": "India",
        "regex": "^\\d{6}$",
        "postalcode": "PIN code",
        "postalformat": "NNNNNN,&#10;NNN NNN",
        "postalsample": "999999"
    },
    {
        "code": "IO",
        "name": "British Indian Ocean Territory",
        "regex": "^[Bb]{2}[Nn][Dd]\\s{0,1}[1][Zz]{2}$",
        "postalcode": "Postcode",
        "postalformat": "AAAANAA one code: BBND 1ZZ",
        "postalsample": "BB9D 1ZZ"
    },
    {
        "code": "IQ",
        "name": "Iraq",
        "regex": "^\\d{5}$",
        "postalcode": "Postal code",
        "postalformat": "NNNNN",
        "postalsample": "99999"
    },
    {
        "code": "IR",
        "name": "Iran, Islamic Republic Of",
        "regex": "^\\d{5}-\\d{5}$",
        "postalcode": "Postal code",
        "postalformat": "NNNNN-NNNNN",
        "postalsample": "99999-99999"
    },
    {
        "code": "IS",
        "name": "Iceland",
        "regex": "^\\d{3}$",
        "postalcode": "Postal code",
        "postalformat": "NNN",
        "postalsample": "999"
    },
    {
        "code": "IT",
        "name": "Italy",
        "regex": "^\\d{5}$",
        "postalcode": "CAP",
        "postalformat": "NNNNN",
        "postalsample": "99999"
    },
    {
        "code": "JE",
        "name": "Jersey",
        "regex": "^[Jj][Ee]\\d\\s{0,1}\\d[A-Za-z]{2}$",
        "postalcode": "Postcode",
        "postalformat": "CCN NAA",
        "postalsample": "JE9 9AA"
    },
    {
        "code": "JM",
        "name": "Jamaica",
        "regex": "^\\d{2}$",
        "postalcode": "Postal code",
        "postalformat": "Before suspension: CCAAANN &#10;After suspension: NN",
        "postalsample": "JMAAA99"
    },
    {
        "code": "JO",
        "name": "Jordan",
        "regex": "^\\d{5}$",
        "postalcode": "Postal code",
        "postalformat": "NNNNN",
        "postalsample": "99999"
    },
    {
        "code": "JP",
        "name": "Japan",
        "regex": "^\\d{3}-\\d{4}$",
        "postalcode": "Postal code",
        "postalformat": "NNNNNNN (NNN-NNNN)",
        "postalsample": "999-9999"
    },
    {
        "code": "KE",
        "name": "Kenya",
        "regex": "^\\d{5}$",
        "postalcode": "Postal code",
        "postalformat": "NNNNN",
        "postalsample": "99999"
    },
    {
        "code": "KG",
        "name": "Kyrgyzstan",
        "regex": "^\\d{6}$",
        "postalcode": "Postal code",
        "postalformat": "NNNNNN",
        "postalsample": "999999"
    },
    {
        "code": "KH",
        "name": "Cambodia",
        "regex": "^\\d{5}$",
        "postalcode": "Postal code",
        "postalformat": "NNNNN",
        "postalsample": "99999"
    },
    {
        "code": "KI",
        "name": "Kiribati",
        "regex": "",
        "postalcode": "ZIP Codes",
        "postalformat": "- no codes -",
        "postalsample": "-"
    },
    {
        "code": "KM",
        "name": "Comoros",
        "regex": "",
        "postalcode": "ZIP Codes",
        "postalformat": "- no codes -",
        "postalsample": "-"
    },
    {
        "code": "KN",
        "name": "Saint Kitts and Nevis",
        "regex": "",
        "postalcode": "ZIP Codes",
        "postalformat": "- no codes -",
        "postalsample": "-"
    },
    {
        "code": "KP",
        "name": "Democratic People's Republic of Korea",
        "regex": "",
        "postalcode": "ZIP Codes",
        "postalformat": "- no codes -",
        "postalsample": "-"
    },
    {
        "code": "KR",
        "name": "Korea, Republic of",
        "regex": "^\\d{3}-\\d{3}$",
        "postalcode": "Postal code",
        "postalformat": "NNNNNN (NNN-NNN)",
        "postalsample": "999-999"
    },
    {
        "code": "KW",
        "name": "Kuwait",
        "regex": "^\\d{5}$",
        "postalcode": "Postal code",
        "postalformat": "NNNNN",
        "postalsample": "99999"
    },
    {
        "code": "KY",
        "name": "Cayman Islands",
        "regex": "^[Kk][Yy]\\d[-\\s]{0,1}\\d{4}$",
        "postalcode": "Postal code",
        "postalformat": "CCN-NNNN",
        "postalsample": "KY9-9999"
    },
    {
        "code": "KZ",
        "name": "Kazakhstan",
        "regex": "^\\d{6}$",
        "postalcode": "Postal code",
        "postalformat": "NNNNNN",
        "postalsample": "999999"
    },
    {
        "code": "LA",
        "name": "Lao People's Democratic Republic",
        "regex": "^\\d{5}$",
        "postalcode": "Postal code",
        "postalformat": "NNNNN",
        "postalsample": "99999"
    },
    {
        "code": "LB",
        "name": "Lebanon",
        "regex": "^\\d{4}\\s{0,1}\\d{4}$",
        "postalcode": "Postal code",
        "postalformat": "NNNN NNNN",
        "postalsample": "9999 9999"
    },
    {
        "code": "LC",
        "name": "Saint Lucia",
        "regex": "",
        "postalcode": "ZIP Codes",
        "postalformat": "- no codes -",
        "postalsample": "-"
    },
    {
        "code": "LI",
        "name": "Liechtenstein",
        "regex": "^\\d{4}$",
        "postalcode": "PLZ",
        "postalformat": "NNNN",
        "postalsample": "9999"
    },
    {
        "code": "LK",
        "name": "Sri Lanka",
        "regex": "^\\d{5}$",
        "postalcode": "Postal code",
        "postalformat": "NNNNN",
        "postalsample": "99999"
    },
    {
        "code": "LR",
        "name": "Liberia",
        "regex": "^\\d{4}$",
        "postalcode": "Postal code",
        "postalformat": "NNNN",
        "postalsample": "9999"
    },
    {
        "code": "LS",
        "name": "Lesotho",
        "regex": "^\\d{3}$",
        "postalcode": "Postal code",
        "postalformat": "NNN",
        "postalsample": "999"
    },
    {
        "code": "LT",
        "name": "Lithuania",
        "regex": "^[Ll][Tt][- ]{0,1}\\d{5}$",
        "postalcode": "Postal code",
        "postalformat": "LT-NNNNN",
        "postalsample": "99999"
    },
    {
        "code": "LU",
        "name": "Luxembourg",
        "regex": "^\\d{4}$",
        "postalcode": "Code postal",
        "postalformat": "NNNN",
        "postalsample": "9999"
    },
    {
        "code": "LV",
        "name": "Latvia",
        "regex": "^[Ll][Vv][- ]{0,1}\\d{4}$",
        "postalcode": "Postal code",
        "postalformat": "LV-NNNN",
        "postalsample": "LV-9999"
    },
    {
        "code": "LY",
        "name": "Libyan Arab Jamahiriya",
        "regex": "^\\d{5}$",
        "postalcode": "Postal code",
        "postalformat": "NNNNN",
        "postalsample": "99999"
    },
    {
        "code": "MA",
        "name": "Morocco",
        "regex": "^\\d{5}$",
        "postalcode": "Code postal",
        "postalformat": "NNNNN",
        "postalsample": "99999"
    },
    {
        "code": "MC",
        "name": "Monaco",
        "regex": "^980\\d{2}$",
        "postalcode": "Code postal",
        "postalformat": "980NN",
        "postalsample": "98000"
    },
    {
        "code": "MD",
        "name": "Moldova, Republic of",
        "regex": "^[Mm][Dd][- ]{0,1}\\d{4}$",
        "postalcode": "Postal code",
        "postalformat": "CCNNNN (CC-NNNN)",
        "postalsample": "9999"
    },
    {
        "code": "ME",
        "name": "Montenegro",
        "regex": "^\\d{5}$",
        "postalcode": "Postal code",
        "postalformat": "NNNNN",
        "postalsample": "99999"
    },
    {
        "code": "MF",
        "name": "Saint Martin",
        "regex": "^97150$",
        "postalcode": "Code postal",
        "postalformat": "97150",
        "postalsample": "99999"
    },
    {
        "code": "MG",
        "name": "Madagascar",
        "regex": "^\\d{3}$",
        "postalcode": "Code postal",
        "postalformat": "NNN",
        "postalsample": "999"
    },
    {
        "code": "MH",
        "name": "Marshall Islands",
        "regex": "^\\d{5}$",
        "postalcode": "ZIP codes",
        "postalformat": "NNNNN",
        "postalsample": "99999"
    },
    {
        "code": "MK",
        "name": "Macedonia, The Former Yugoslav Republic of",
        "regex": "^\\d{4}$",
        "postalcode": "Postal code",
        "postalformat": "NNNN",
        "postalsample": "9999"
    },
    {
        "code": "ML",
        "name": "Mali",
        "regex": "",
        "postalcode": "ZIP Codes",
        "postalformat": "- no codes -",
        "postalsample": "-"
    },
    {
        "code": "MM",
        "name": "Myanmar",
        "regex": "^\\d{5}$",
        "postalcode": "Postal code",
        "postalformat": "NNNNN",
        "postalsample": "99999"
    },
    {
        "code": "MN",
        "name": "Mongolia",
        "regex": "^\\d{5}$",
        "postalcode": "Postal code",
        "postalformat": "NNNNN",
        "postalsample": "999999"
    },
    {
        "code": "MO",
        "name": "Macao",
        "regex": "",
        "postalcode": "ZIP Codes",
        "postalformat": "- no codes -",
        "postalsample": "-"
    },
    {
        "code": "MP",
        "name": "Northern Mariana Islands",
        "regex": "^\\d{5}$",
        "postalcode": "ZIP codes",
        "postalformat": "NNNNN",
        "postalsample": "99999"
    },
    {
        "code": "MQ",
        "name": "Martinique",
        "regex": "^972\\d{2}$",
        "postalcode": "Code postal",
        "postalformat": "972NN",
        "postalsample": "99999"
    },
    {
        "code": "MR",
        "name": "Mauritania",
        "regex": "",
        "postalcode": "ZIP Codes",
        "postalformat": "- no codes -",
        "postalsample": "-"
    },
    {
        "code": "MS",
        "name": "Montserrat",
        "regex": "^[Mm][Ss][Rr]\\s{0,1}\\d{4}$",
        "postalcode": "ZIP Codes",
        "postalformat": "MSR 1110-1350",
        "postalsample": "-"
    },
    {
        "code": "MT",
        "name": "Malta",
        "regex": "^[A-Za-z]{3}\\s{0,1}\\d{4}$",
        "postalcode": "Postal code",
        "postalformat": "AAANNNN (AAA NNNN)",
        "postalsample": "AAA 9999"
    },
    {
        "code": "MU",
        "name": "Mauritius",
        "regex": "",
        "postalcode": "ZIP Codes",
        "postalformat": "- no codes -",
        "postalsample": "-"
    },
    {
        "code": "MV",
        "name": "Maldives",
        "regex": "^\\d{4,5}$",
        "postalcode": "Postal code",
        "postalformat": "NNNN, NNNNN",
        "postalsample": "99-99"
    },
    {
        "code": "MW",
        "name": "Malawi",
        "regex": "",
        "postalcode": "ZIP Codes",
        "postalformat": "- no codes -",
        "postalsample": "-"
    },
    {
        "code": "MX",
        "name": "Mexico",
        "regex": "^\\d{5}$",
        "postalcode": "CÃ³digo postal",
        "postalformat": "NNNNN",
        "postalsample": "99999"
    },
    {
        "code": "MY",
        "name": "Malaysia",
        "regex": "^\\d{5}$",
        "postalcode": "Postal code",
        "postalformat": "NNNNN",
        "postalsample": "99999"
    },
    {
        "code": "MZ",
        "name": "Mozambique",
        "regex": "^\\d{4}$",
        "postalcode": "Postal code",
        "postalformat": "NNNN",
        "postalsample": "9999"
    },
    {
        "code": "NA",
        "name": "Namibia",
        "regex": "^\\d{5}$",
        "postalcode": "Postal code",
        "postalformat": "NNNNN",
        "postalsample": "99999"
    },
    {
        "code": "NC",
        "name": "New Caledonia",
        "regex": "^988\\d{2}$",
        "postalcode": "Code postal",
        "postalformat": "988NN",
        "postalsample": "99999"
    },
    {
        "code": "NE",
        "name": "Niger",
        "regex": "^\\d{4}$",
        "postalcode": "Code postal",
        "postalformat": "NNNN",
        "postalsample": "9999"
    },
    {
        "code": "NF",
        "name": "Norfolk Island",
        "regex": "^\\d{4}$",
        "postalcode": "Postal code",
        "postalformat": "NNNN",
        "postalsample": "9999"
    },
    {
        "code": "NG",
        "name": "Nigeria",
        "regex": "^\\d{6}$",
        "postalcode": "Postal code",
        "postalformat": "NNNNNN",
        "postalsample": "999999"
    },
    {
        "code": "NI",
        "name": "Nicaragua",
        "regex": "^\\d{5}$",
        "postalcode": "CÃ³digo postal",
        "postalformat": "NNNNN",
        "postalsample": "999-999-9"
    },
    {
        "code": "NL",
        "name": "Netherlands",
        "regex": "^\\d{4}\\s{0,1}[A-Za-z]{2}$",
        "postalcode": "Postal code",
        "postalformat": "NNNN AA",
        "postalsample": "9999 AA"
    },
    {
        "code": "NO",
        "name": "Norway",
        "regex": "^\\d{4}$",
        "postalcode": "Postal code",
        "postalformat": "NNNN",
        "postalsample": "9999"
    },
    {
        "code": "NP",
        "name": "Nepal",
        "regex": "^\\d{5}$",
        "postalcode": "Postal code",
        "postalformat": "NNNNN",
        "postalsample": "99999"
    },
    {
        "code": "NR",
        "name": "Nauru",
        "regex": "",
        "postalcode": "ZIP Codes",
        "postalformat": "- no codes -",
        "postalsample": "-"
    },
    {
        "code": "NU",
        "name": "Niue",
        "regex": "",
        "postalcode": "ZIP Codes",
        "postalformat": "- no codes -",
        "postalsample": "-"
    },
    {
        "code": "NZ",
        "name": "New Zealand",
        "regex": "^\\d{4}$",
        "postalcode": "Postal code",
        "postalformat": "NNNN",
        "postalsample": "9999"
    },
    {
        "code": "OM",
        "name": "Oman",
        "regex": "^\\d{3}$",
        "postalcode": "Postal code",
        "postalformat": "NNN",
        "postalsample": "999"
    },
    {
        "code": "P-",
        "name": "Paracel Islands",
        "regex": "",
        "postalcode": "null",
        "postalformat": "",
        "postalsample": "null"
    },
    {
        "code": "PA",
        "name": "Panama",
        "regex": "^\\d{6}$",
        "postalcode": "CÃ³digo postal",
        "postalformat": "NNNNNN",
        "postalsample": "999999"
    },
    {
        "code": "PE",
        "name": "Peru",
        "regex": "^\\d{5}$",
        "postalcode": "CÃ³digo postal",
        "postalformat": "NNNNN",
        "postalsample": "99999"
    },
    {
        "code": "PF",
        "name": "French Polynesia",
        "regex": "^987\\d{2}$",
        "postalcode": "Code postal",
        "postalformat": "987NN",
        "postalsample": "99999"
    },
    {
        "code": "PG",
        "name": "Papua New Guinea",
        "regex": "^\\d{3}$",
        "postalcode": "Postal code",
        "postalformat": "NNN",
        "postalsample": "999"
    },
    {
        "code": "PH",
        "name": "Philippines",
        "regex": "^\\d{4}$",
        "postalcode": "Postal code",
        "postalformat": "NNNN",
        "postalsample": "9999"
    },
    {
        "code": "PK",
        "name": "Pakistan",
        "regex": "^\\d{5}$",
        "postalcode": "Postal code",
        "postalformat": "NNNNN",
        "postalsample": "99999"
    },
    {
        "code": "PL",
        "name": "Poland",
        "regex": "^\\d{2}[- ]{0,1}\\d{3}$",
        "postalcode": "Postal code",
        "postalformat": "NNNNN (NN-NNN)",
        "postalsample": "99-999"
    },
    {
        "code": "PM",
        "name": "Saint Pierre and Miquelon",
        "regex": "^97500$",
        "postalcode": "Code postal",
        "postalformat": "97500",
        "postalsample": "99999"
    },
    {
        "code": "PN",
        "name": "Pitcairn",
        "regex": "^[Pp][Cc][Rr][Nn]\\s{0,1}[1][Zz]{2}$",
        "postalcode": "Postcode",
        "postalformat": "AAAANAA one code: PCRN 1ZZ",
        "postalsample": "PCR9 1ZZ"
    },
    {
        "code": "PR",
        "name": "Puerto Rico",
        "regex": "^\\d{5}$",
        "postalcode": "ZIP codes",
        "postalformat": "NNNNN",
        "postalsample": "99999"
    },
    {
        "code": "PS",
        "name": "Palestinian Territory, Occupied",
        "regex": "",
        "postalcode": "ZIP Codes",
        "postalformat": "",
        "postalsample": "-"
    },
    {
        "code": "PT",
        "name": "Portugal",
        "regex": "^\\d{4}[- ]{0,1}\\d{3}$",
        "postalcode": "Postal code",
        "postalformat": "NNNN-NNN (NNNN NNN)",
        "postalsample": "9999-999"
    },
    {
        "code": "PW",
        "name": "Palau",
        "regex": "^\\d{5}$",
        "postalcode": "ZIP codes",
        "postalformat": "NNNNN",
        "postalsample": "99999"
    },
    {
        "code": "PY",
        "name": "Paraguay",
        "regex": "^\\d{4}$",
        "postalcode": "CÃ³digo postal",
        "postalformat": "NNNN",
        "postalsample": "9999"
    },
    {
        "code": "QA",
        "name": "Qatar",
        "regex": "",
        "postalcode": "ZIP Codes",
        "postalformat": "- no codes -",
        "postalsample": "-"
    },
    {
        "code": "RE",
        "name": "Reunion",
        "regex": "^974\\d{2}$",
        "postalcode": "Code postal",
        "postalformat": "974NN",
        "postalsample": "99999"
    },
    {
        "code": "RO",
        "name": "Romania",
        "regex": "^\\d{6}$",
        "postalcode": "Postal code",
        "postalformat": "NNNNNN",
        "postalsample": "999999"
    },
    {
        "code": "RS",
        "name": "Serbia",
        "regex": "^\\d{5}$",
        "postalcode": "PoÅ¡tanski broj",
        "postalformat": "NNNNN",
        "postalsample": "99999"
    },
    {
        "code": "RU",
        "name": "Russian Federation",
        "regex": "^\\d{6}$",
        "postalcode": "Postal code",
        "postalformat": "NNNNNN",
        "postalsample": "999999"
    },
    {
        "code": "RW",
        "name": "Rwanda",
        "regex": "",
        "postalcode": "ZIP Codes",
        "postalformat": "",
        "postalsample": "-"
    },
    {
        "code": "S-",
        "name": "Spratly Islands",
        "regex": "",
        "postalcode": "null",
        "postalformat": "",
        "postalsample": "null"
    },
    {
        "code": "SA",
        "name": "Saudi Arabia",
        "regex": "^\\d{5}(-{1}\\d{4})?$",
        "postalcode": "Postal code",
        "postalformat": "NNNNN for PO Boxes. NNNNN-NNNN for home delivery.",
        "postalsample": "99999"
    },
    {
        "code": "SB",
        "name": "Solomon Islands",
        "regex": "",
        "postalcode": "ZIP Codes",
        "postalformat": "- no codes -",
        "postalsample": "-"
    },
    {
        "code": "SC",
        "name": "Seychelles",
        "regex": "",
        "postalcode": "ZIP Codes",
        "postalformat": "- no codes -",
        "postalsample": "-"
    },
    {
        "code": "SD",
        "name": "Sudan",
        "regex": "^\\d{5}$",
        "postalcode": "Postal code",
        "postalformat": "NNNNN",
        "postalsample": "99999"
    },
    {
        "code": "SE",
        "name": "Sweden",
        "regex": "^\\d{5}\\s\\(\\d{3}\\s\\d{2}\\)$",
        "postalcode": "Postal code",
        "postalformat": "NNNNN (NNN NN)",
        "postalsample": "999 99"
    },
    {
        "code": "SG",
        "name": "Singapore",
        "regex": "^\\d{6}$",
        "postalcode": "Postal code",
        "postalformat": "NNNNNN",
        "postalsample": "999999"
    },
    {
        "code": "SH",
        "name": "Saint Helena",
        "regex": "^[Tt][Dd][Cc][Uu]\\s{0,1}[1][Zz]{2}$",
        "postalcode": "Postcode",
        "postalformat": "TDCU 1ZZ",
        "postalsample": "TDCU 1ZZ"
    },
    {
        "code": "SI",
        "name": "Slovenia",
        "regex": "^([Ss][Ii][- ]{0,1}){0,1}\\d{4}$",
        "postalcode": "Postal code",
        "postalformat": "NNNN (CC-NNNN)",
        "postalsample": "9999"
    },
    {
        "code": "SJ",
        "name": "Svalbard and Jan Mayen",
        "regex": "^\\d{4}$",
        "postalcode": "Postal code",
        "postalformat": "NNNN",
        "postalsample": "9999"
    },
    {
        "code": "SK",
        "name": "Slovakia",
        "regex": "^\\d{5}\\s\\(\\d{3}\\s\\d{2}\\)$",
        "postalcode": "PSÄŒ",
        "postalformat": "NNNNN (NNN NN)",
        "postalsample": "999 99"
    },
    {
        "code": "SL",
        "name": "Sierra Leone",
        "regex": "",
        "postalcode": "ZIP Codes",
        "postalformat": "- no codes -",
        "postalsample": "-"
    },
    {
        "code": "SM",
        "name": "San Marino",
        "regex": "^4789\\d$",
        "postalcode": "CPI",
        "postalformat": "4789N",
        "postalsample": "99999"
    },
    {
        "code": "SN",
        "name": "Senegal",
        "regex": "^\\d{5}$",
        "postalcode": "Code postal",
        "postalformat": "NNNNN",
        "postalsample": "99999"
    },
    {
        "code": "SO",
        "name": "Somalia",
        "regex": "",
        "postalcode": "ZIP Codes",
        "postalformat": "- no codes -",
        "postalsample": "-"
    },
    {
        "code": "SR",
        "name": "Suriname",
        "regex": "",
        "postalcode": "ZIP Codes",
        "postalformat": "- no codes -",
        "postalsample": "-"
    },
    {
        "code": "SS",
        "name": "South Sudan",
        "regex": "",
        "postalcode": "Postal code",
        "postalformat": "",
        "postalsample": "null"
    },
    {
        "code": "ST",
        "name": "Sao Tome and Principe",
        "regex": "",
        "postalcode": "ZIP Codes",
        "postalformat": "- no codes -",
        "postalsample": "-"
    },
    {
        "code": "SV",
        "name": "El Salvador",
        "regex": "^1101$",
        "postalcode": "CÃ³digo postal",
        "postalformat": "1101",
        "postalsample": "9999"
    },
    {
        "code": "SX",
        "name": "Sint Maarten",
        "regex": "",
        "postalcode": "ZIP Codes",
        "postalformat": "- no codes -",
        "postalsample": "-"
    },
    {
        "code": "SY",
        "name": "Syrian Arab Republic",
        "regex": "",
        "postalcode": "ZIP Codes",
        "postalformat": "- no codes -",
        "postalsample": "-"
    },
    {
        "code": "SZ",
        "name": "Swaziland",
        "regex": "^[A-Za-z]\\d{3}$",
        "postalcode": "Postal code",
        "postalformat": "ANNN",
        "postalsample": "A999"
    },
    {
        "code": "TC",
        "name": "Turks and Caicos Islands",
        "regex": "^[Tt][Kk][Cc][Aa]\\s{0,1}[1][Zz]{2}$",
        "postalcode": "Postcode",
        "postalformat": "TKCA 1ZZ",
        "postalsample": "TKCA 1ZZ"
    },
    {
        "code": "TD",
        "name": "Chad",
        "regex": "^\\d{5}$",
        "postalcode": "Code postal",
        "postalformat": "NNNNN",
        "postalsample": "99999"
    },
    {
        "code": "TF",
        "name": "French Southern Territories",
        "regex": "",
        "postalcode": "ZIP Codes",
        "postalformat": "- no codes -",
        "postalsample": "-"
    },
    {
        "code": "TG",
        "name": "Togo",
        "regex": "",
        "postalcode": "ZIP Codes",
        "postalformat": "- no codes -",
        "postalsample": "-"
    },
    {
        "code": "TH",
        "name": "Thailand",
        "regex": "^\\d{5}$",
        "postalcode": "Postal code",
        "postalformat": "NNNNN",
        "postalsample": "99999"
    },
    {
        "code": "TJ",
        "name": "Tajikistan",
        "regex": "^\\d{6}$",
        "postalcode": "Postal code",
        "postalformat": "NNNNNN",
        "postalsample": "999999"
    },
    {
        "code": "TK",
        "name": "Tokelau",
        "regex": "",
        "postalcode": "ZIP Codes",
        "postalformat": "- no codes -",
        "postalsample": "-"
    },
    {
        "code": "TL",
        "name": "Timor-Leste",
        "regex": "",
        "postalcode": "ZIP Codes",
        "postalformat": "- no codes -",
        "postalsample": "-"
    },
    {
        "code": "TM",
        "name": "Turkmenistan",
        "regex": "^\\d{6}$",
        "postalcode": "Postal code",
        "postalformat": "NNNNNN",
        "postalsample": "999999"
    },
    {
        "code": "TN",
        "name": "Tunisia",
        "regex": "^\\d{4}$",
        "postalcode": "Code postal",
        "postalformat": "NNNN",
        "postalsample": "9999"
    },
    {
        "code": "TO",
        "name": "Tonga",
        "regex": "",
        "postalcode": "ZIP Codes",
        "postalformat": "- no codes -",
        "postalsample": "-"
    },
    {
        "code": "TR",
        "name": "Turkey",
        "regex": "^\\d{5}$",
        "postalcode": "Postal code",
        "postalformat": "NNNNN",
        "postalsample": "99999"
    },
    {
        "code": "TT",
        "name": "Trinidad and Tobago",
        "regex": "^\\d{6}$",
        "postalcode": "Postal code",
        "postalformat": "NNNNNN",
        "postalsample": "999999"
    },
    {
        "code": "TV",
        "name": "Tuvalu",
        "regex": "",
        "postalcode": "ZIP Codes",
        "postalformat": "- no codes -",
        "postalsample": "-"
    },
    {
        "code": "TW",
        "name": "Taiwan",
        "regex": "^\\d{5}$",
        "postalcode": "Postal code",
        "postalformat": "NNNNN",
        "postalsample": "999 99"
    },
    {
        "code": "TZ",
        "name": "Tanzania, United Republic of",
        "regex": "",
        "postalcode": "ZIP Codes",
        "postalformat": "- no codes -",
        "postalsample": "-"
    },
    {
        "code": "UA",
        "name": "Ukraine",
        "regex": "^\\d{5}$",
        "postalcode": "Postal code",
        "postalformat": "NNNNN",
        "postalsample": "99999"
    },
    {
        "code": "UG",
        "name": "Uganda",
        "regex": "",
        "postalcode": "ZIP Codes",
        "postalformat": "- no codes -",
        "postalsample": "-"
    },
    {
        "code": "UM",
        "name": "United States Minor Outlying Islands",
        "regex": "",
        "postalcode": "ZIP Codes",
        "postalformat": "",
        "postalsample": "-"
    },
    {
        "code": "US",
        "name": "United States",
        "regex": "^\\b\\d{5}\\b(?:[- ]{1}\\d{4})?$",
        "postalcode": "ZIP codes",
        "postalformat": "NNNNN (optionally NNNNN-NNNN)",
        "postalsample": "99999"
    },
    {
        "code": "UY",
        "name": "Uruguay",
        "regex": "^\\d{5}$",
        "postalcode": "CÃ³digo postal",
        "postalformat": "NNNNN",
        "postalsample": "99999"
    },
    {
        "code": "UZ",
        "name": "Uzbekistan",
        "regex": "^\\d{3} \\d{3}$",
        "postalcode": "Postal code",
        "postalformat": "NNN NNN",
        "postalsample": "999999"
    },
    {
        "code": "VA",
        "name": "Holy See (Vatican City State)",
        "regex": "^120$",
        "postalcode": "CAP",
        "postalformat": "120",
        "postalsample": "00120"
    },
    {
        "code": "VC",
        "name": "Saint Vincent and the Grenadines",
        "regex": "^[Vv][Cc]\\d{4}$",
        "postalcode": "Postal code",
        "postalformat": "CCNNNN",
        "postalsample": "VC9999"
    },
    {
        "code": "VE",
        "name": "Venezuela",
        "regex": "^\\d{4}(\\s[a-zA-Z]{1})?$",
        "postalcode": "CÃ³digo postal",
        "postalformat": "NNNN or NNNN A",
        "postalsample": "9999"
    },
    {
        "code": "VG",
        "name": "Virgin Islands, British",
        "regex": "^[Vv][Gg]\\d{4}$",
        "postalcode": "Postal code",
        "postalformat": "CCNNNN",
        "postalsample": "VG9999"
    },
    {
        "code": "VI",
        "name": "Virgin Islands, U.S.",
        "regex": "^\\d{5}$",
        "postalcode": "ZIP codes",
        "postalformat": "NNNNN",
        "postalsample": "99999"
    },
    {
        "code": "VN",
        "name": "Viet Nam",
        "regex": "^\\d{6}$",
        "postalcode": "Postal code",
        "postalformat": "NNNNNN",
        "postalsample": "999999"
    },
    {
        "code": "VU",
        "name": "Vanuatu",
        "regex": "",
        "postalcode": "ZIP Codes",
        "postalformat": "- no codes -",
        "postalsample": "-"
    },
    {
        "code": "WF",
        "name": "Wallis and Futuna",
        "regex": "^986\\d{2}$",
        "postalcode": "Code postal",
        "postalformat": "986NN",
        "postalsample": "99999"
    },
    {
        "code": "WS",
        "name": "Samoa",
        "regex": "",
        "postalcode": "ZIP Codes",
        "postalformat": "",
        "postalsample": "-"
    },
    {
        "code": "XK",
        "name": "Kosovo",
        "regex": "^\\d{5}$",
        "postalcode": "ZIP / Postal Code",
        "postalformat": "NNNNN",
        "postalsample": "null"
    },
    {
        "code": "YE",
        "name": "Yemen",
        "regex": "",
        "postalcode": "ZIP Codes",
        "postalformat": "- no codes -",
        "postalsample": "-"
    },
    {
        "code": "YT",
        "name": "Mayotte",
        "regex": "^976\\d{2}$",
        "postalcode": "Code postal",
        "postalformat": "976NN",
        "postalsample": "99999"
    },
    {
        "code": "ZA",
        "name": "South Africa",
        "regex": "^\\d{4}$",
        "postalcode": "Postal code",
        "postalformat": "NNNN",
        "postalsample": "9999"
    },
    {
        "code": "ZM",
        "name": "Zambia",
        "regex": "^\\d{5}$",
        "postalcode": "Postal code",
        "postalformat": "NNNNN",
        "postalsample": "99999"
    },
    {
        "code": "ZW",
        "name": "Zimbabwe",
        "regex": "",
        "postalcode": "ZIP Codes",
        "postalformat": "- no codes -",
        "postalsample": "-"
    }
]